{
  "T1": {
    "triton_ada": {
      "Element-wise/Reduction": 97.29465237449787,
      "GEMM": 55.06829159226774,
      "Convolution": 42.82762262946456,
      "Normalization": 123.52498367707494
    },
    "triton_a100": {
      "Element-wise/Reduction": 72.97628891688981,
      "GEMM": 75.49437877933948,
      "Convolution": 37.985391303479226,
      "Normalization": 137.30583034085186
    },
    "tilelang_ada": {
      "Element-wise/Reduction": 67.02442264294575,
      "GEMM": 55.246391259029714,
      "Convolution": 8.778941952698052,
      "Normalization": 1.5038329583446215
    },
    "tilelang_a100": {
      "Element-wise/Reduction": 55.28513297655276,
      "GEMM": 60.29544606132764,
      "Convolution": 11.125716496244372,
      "Normalization": 0.8161607448716729
    }
  },
  "rootcause": {
    "rc0": {
      "ada": 0.31838475265994526,
      "a100": 0.08807846124547704
    },
    "rc4": {
      "ada": 1.0228,
      "a100": 0.9797
    },
    "fp32": {
      "ada": [
        3013.45,
        31.753,
        "sameTF32class"
      ],
      "a100": [
        633.125,
        31.807,
        "MATCH_abs+sameclass"
      ]
    }
  },
  "autotune": {
    "4096x4096": {
      "triton_plain": {
        "ada": 82.98360431636236,
        "a100": 57.67307881289308
      },
      "triton_autotune": {
        "ada": 102.20937207320026,
        "a100": 110.0845261960867
      },
      "tilelang_swizzle": {
        "ada": 61.418435680003036,
        "a100": 76.35345009838838
      }
    },
    "16384x16384": {
      "triton_plain": {
        "ada": 32.228134209733646,
        "a100": 38.313196221698675
      },
      "triton_autotune": {
        "ada": 98.49206622647193,
        "a100": 87.47733378973133
      },
      "tilelang_swizzle": {
        "ada": 57.56914996246036,
        "a100": 81.90195853230259
      }
    }
  },
  "conv": {
    "1x1": {
      "triton": {
        "ada": 23.3,
        "a100": 36.99
      },
      "tilelang": {
        "ada": 11.51,
        "a100": 10.27
      }
    },
    "3x3": {
      "triton": {
        "ada": 36.49,
        "a100": 24.38
      },
      "tilelang": {
        "ada": 9.45,
        "a100": 15.29
      }
    },
    "5x5": {
      "triton": {
        "ada": 15.84,
        "a100": 16.89
      },
      "tilelang": {
        "ada": null,
        "a100": 12.95
      }
    },
    "7x7": {
      "triton": {
        "ada": 12.95,
        "a100": 12.53
      },
      "tilelang": {
        "ada": null,
        "a100": null
      }
    }
  },
  "figure": {
    "triton": {
      "ada": {
        "add": 103.45688646117831,
        "argmax": 73.0252746755889,
        "batched_matmul": 58.19913731128684,
        "conv2d": 36.161147451171935,
        "cross_entropy": 1277.2800256904302,
        "embedding": 405.946452633429,
        "index_select": 84.36437797416723,
        "layer_norm": 94.52471482889734,
        "leaky_relu": 244.4892445747721,
        "linear_activation": 51.937445873248635,
        "log_softmax": 76.39643555748751,
        "logsumexp": 620.5326876513318,
        "matmul": 31.704457481912563,
        "matrix_transpose": 226.11528394218732,
        "max_reduction": 12.856563148974768,
        "mean_reduction": 99.37513533578742,
        "mul": 69.79467561870561,
        "relu": 103.34102391869396,
        "rms_norm": 1098.62349961458,
        "softmax": 97.581499024798,
        "swiglu": 265.75596202824727
      },
      "a100": {
        "add": 94.327990135635,
        "argmax": 7.465292731244763,
        "batched_matmul": 94.60666023166023,
        "conv2d": 23.84211657100764,
        "cross_entropy": 1271.152502910361,
        "embedding": 447.5911751463305,
        "index_select": 70.89305402425579,
        "layer_norm": 101.18616144975287,
        "leaky_relu": 336.22474670621244,
        "linear_activation": 72.34798085964985,
        "log_softmax": 32.064539787312064,
        "logsumexp": 512.7884408022428,
        "matmul": 37.82886570346136,
        "matrix_transpose": 322.16473929803203,
        "max_reduction": 11.946707518046562,
        "mean_reduction": 75.05952380952382,
        "mul": 69.79754397610354,
        "relu": 97.70328988206083,
        "rms_norm": 965.2053712480254,
        "softmax": 112.8898128898129,
        "swiglu": 283.893902105551
      }
    },
    "tilelang": {
      "ada": {
        "add": 77.24756744158948,
        "argmax": 6.436789854812547,
        "batched_matmul": 10.680607549845803,
        "conv2d": 9.466912161771019,
        "cross_entropy": 85.92491511815048,
        "embedding": 57.868846982578624,
        "index_select": 97.33333333333333,
        "layer_norm": 0.31838475265994526,
        "leaky_relu": 366.1485600431022,
        "linear_activation": 199.30632583061725,
        "log_softmax": 16.9358413475437,
        "logsumexp": 549.4265194554615,
        "matmul": 56.9347300836025,
        "matrix_transpose": 150.2079002079002,
        "max_reduction": 5.745556954193424,
        "mean_reduction": 15.963605464149595,
        "mul": 69.08809891808346,
        "relu": 68.69673260983518,
        "rms_norm": 5.32295412589502,
        "softmax": 20.0931737598825,
        "swiglu": 100.4345923873414
      },
      "a100": {
        "add": 74.25382188789128,
        "argmax": 9.161757781343994,
        "batched_matmul": 7.730988040188122,
        "conv2d": 14.877235990347415,
        "cross_entropy": 74.96567254352722,
        "embedding": 64.9632413004411,
        "index_select": 51.72968624296058,
        "layer_norm": 0.08807846124547704,
        "leaky_relu": 961.3663692171382,
        "linear_activation": 350.8605202453466,
        "log_softmax": 16.93654606027737,
        "logsumexp": 139.01198479976617,
        "matmul": 81.14284017460334,
        "matrix_transpose": 103.10359380579814,
        "max_reduction": 4.942717486291571,
        "mean_reduction": 8.224717635420857,
        "mul": 64.31192660550458,
        "relu": 62.371215723569506,
        "rms_norm": 0.8789951135367191,
        "softmax": 17.384035287421742,
        "swiglu": 105.01719603479668
      }
    }
  }
}