{
  "gpus": [
    "A100-SXM4",
    "A100-PCIE",
    "H100"
  ],
  "summary": {
    "A100-SXM4": {
      "triton": {
        "Element-wise/Reduction": 65.2532677307251,
        "GEMM": 77.26505918006313,
        "Convolution": 31.566859214223115,
        "Normalization": 121.45258067972475
      },
      "tilelang": {
        "Element-wise/Reduction": 51.00297571603167,
        "GEMM": 69.40110942292594,
        "Convolution": 9.544061080294483,
        "Normalization": 1.0100937586596859
      }
    },
    "A100-PCIE": {
      "triton": {
        "Element-wise/Reduction": 72.97628891688981,
        "GEMM": 75.49437877933948,
        "Convolution": 37.985391303479226,
        "Normalization": 137.30583034085186
      },
      "tilelang": {
        "Element-wise/Reduction": 55.28513297655276,
        "GEMM": 60.29544606132764,
        "Convolution": 11.125716496244372,
        "Normalization": 0.8161607448716729
      }
    },
    "H100": {
      "triton": {
        "Element-wise/Reduction": 72.90322580645162,
        "GEMM": 68.42702234046344,
        "Convolution": 37.66257678264187,
        "Normalization": 130.45944412932502
      },
      "tilelang": {
        "Element-wise/Reduction": 60.92684268426842,
        "GEMM": 69.1952241886847,
        "Convolution": 7.841962093829019,
        "Normalization": 0.8570185404995792
      }
    }
  },
  "rootcause": {
    "rc0_lneff": {
      "A100-SXM4": 0.09209274093320462,
      "A100-PCIE": 0.08807846124547704,
      "H100": 0.07990062779064692
    },
    "rc4_winograd": {
      "A100-SXM4": [
        0.060000000000004494,
        true
      ],
      "A100-PCIE": [
        2.0299999999999985,
        true
      ],
      "H100": [
        20.720000000000006,
        false
      ]
    },
    "fp32_relerr": {
      "A100-SXM4": 633.125,
      "A100-PCIE": 633.125,
      "H100": 1267.55
    }
  },
  "autotune": {
    "4096x4096": {
      "triton_plain": {
        "A100-SXM4": 56.44,
        "A100-PCIE": 57.67,
        "H100": 43.24
      },
      "triton_autotune": {
        "A100-SXM4": 76.51,
        "A100-PCIE": 110.08,
        "H100": 33.09
      },
      "tilelang_swizzle": {
        "A100-SXM4": 74.22,
        "A100-PCIE": 76.35,
        "H100": 48.03
      }
    },
    "16384x16384": {
      "triton_plain": {
        "A100-SXM4": 32.48,
        "A100-PCIE": 38.31,
        "H100": 33.63
      },
      "triton_autotune": {
        "A100-SXM4": 81.83,
        "A100-PCIE": 87.48,
        "H100": 70.15
      },
      "tilelang_swizzle": {
        "A100-SXM4": 78.93,
        "A100-PCIE": 81.9,
        "H100": 75.65
      }
    }
  },
  "conv": {
    "1x1": {
      "triton": {
        "A100-SXM4": 28.69,
        "A100-PCIE": 36.99,
        "H100": 24.72
      },
      "tilelang": {
        "A100-SXM4": 7.15,
        "A100-PCIE": 10.27,
        "H100": 4.81
      }
    },
    "3x3": {
      "triton": {
        "A100-SXM4": 19.33,
        "A100-PCIE": 24.38,
        "H100": 11.42
      },
      "tilelang": {
        "A100-SXM4": 12.62,
        "A100-PCIE": 15.29,
        "H100": 7.18
      }
    },
    "5x5": {
      "triton": {
        "A100-SXM4": 13.67,
        "A100-PCIE": 16.89,
        "H100": 13.37
      },
      "tilelang": {
        "A100-SXM4": 11.16,
        "A100-PCIE": 12.95,
        "H100": 11.1
      }
    },
    "7x7": {
      "triton": {
        "A100-SXM4": 9.79,
        "A100-PCIE": 12.53,
        "H100": 15.67
      },
      "tilelang": {
        "A100-SXM4": null,
        "A100-PCIE": null,
        "H100": 16.17
      }
    }
  }
}